{
  "total_return": 0.13311535198418722,
  "benchmark_total_return": 0.21151833228751737,
  "excess_return": -0.07840298030333015,
  "annualized_return": 0.11904283596486054,
  "annualized_volatility": 0.054974070267553334,
  "sharpe_ratio": 2.0738571314206857,
  "max_drawdown": -0.05661953645757256,
  "turnover": 30.96666666666667,
  "number_of_trades": 45,
  "win_rate": 0.5518867924528302,
  "tracking_error": 0.07304416017324768,
  "information_ratio": -0.8591011376311187,
  "average_holding_period": 9.955555555555556,
  "calmar_ratio": 2.1025046019948332,
  "best_trade": 0.2548133766650618,
  "worst_trade": -0.026237171561051063,
  "latest_equity": 1.1331153519841872
}